name,label
allens/00000008.jpg,allens
allens/00000060.jpg,allens
allens/00000105.jpg,allens
allens/00000040.jpg,allens
allens/00000120.jpg,allens
allens/00000185.jpg,allens
allens/00000087.jpg,allens
allens/00000056.jpg,allens
allens/00000043.jpg,allens
allens/00000152.jpg,allens
allens/00000149.jpg,allens
allens/00000155.jpg,allens
allens/00000065.jpg,allens
allens/00000187.jpg,allens
allens/00000055.jpg,allens
allens/00000007.jpg,allens
allens/00000170.jpg,allens
allens/00000041.jpg,allens
allens/00000073.jpg,allens
allens/00000083.jpg,allens
allens/00000124.jpg,allens
allens/00000072.jpg,allens
allens/00000108.jpg,allens
allens/00000112.jpg,allens
allens/00000020.jpg,allens
allens/00000142.jpg,allens
allens/00000177.jpg,allens
allens/00000197.jpg,allens
allens/00000156.jpg,allens
allens/00000139.jpg,allens
allens/00000068.jpg,allens
allens/00000117.jpg,allens
allens/00000103.jpg,allens
allens/00000042.jpg,allens
allens/00000192.jpg,allens
allens/00000148.jpg,allens
allens/00000126.jpg,allens
allens/00000122.jpg,allens
allens/00000057.jpg,allens
allens/00000157.jpg,allens
allens/00000176.jpg,allens
allens/00000005.jpg,allens
allens/00000029.jpg,allens
allens/00000181.jpg,allens
allens/00000070.jpg,allens
allens/00000032.jpg,allens
allens/00000175.jpg,allens
allens/00000106.jpg,allens
allens/00000044.jpg,allens
allens/00000174.jpg,allens
allens/00000195.jpg,allens
allens/00000130.jpg,allens
allens/00000011.jpg,allens
allens/00000196.jpg,allens
allens/00000147.jpg,allens
allens/00000119.jpg,allens
allens/00000009.jpg,allens
allens/00000198.jpg,allens
allens/00000191.jpg,allens
allens/00000140.jpg,allens
allens/00000097.jpg,allens
allens/00000179.jpg,allens
allens/00000121.jpg,allens
allens/00000159.jpg,allens
allens/00000129.jpg,allens
allens/00000033.jpg,allens
allens/00000132.jpg,allens
allens/00000016.jpg,allens
allens/00000052.jpg,allens
allens/00000046.jpg,allens
allens/00000145.jpg,allens
allens/00000079.jpg,allens
allens/00000141.jpg,allens
allens/00000093.jpg,allens
allens/00000125.jpg,allens
allens/00000160.jpg,allens
allens/00000114.jpeg,allens
allens/00000089.jpg,allens
allens/00000173.JPG,allens
allens/00000022.jpg,allens
allens/00000134.jpg,allens
allens/00000028.jpg,allens
allens/00000091.jpg,allens
allens/00000069.jpg,allens
allens/00000182.jpg,allens
allens/00000144.jpg,allens
allens/00000086.jpg,allens
allens/00000189.jpg,allens
allens/00000045.jpg,allens
allens/00000104.jpg,allens
allens/00000047.jpg,allens
allens/00000172.jpg,allens
allens/00000102.jpg,allens
allens/00000084.jpg,allens
allens/00000036.jpg,allens
allens/00000026.jpg,allens
allens/00000183.jpg,allens
allens/00000038.jpg,allens
allens/00000039.jpg,allens
allens/00000133.jpg,allens
allens/00000186.jpg,allens
allens/00000075.jpg,allens
allens/00000010.jpg,allens
allens/00000074.jpg,allens
allens/00000180.jpg,allens
allens/00000153.jpg,allens
allens/00000136.jpg,allens
allens/00000066.jpg,allens
allens/00000062.jpg,allens
allens/00000131.jpg,allens
allens/00000150.jpg,allens
allens/00000019.jpg,allens
allens/00000095.jpg,allens
allens/00000027.jpg,allens
allens/00000053.jpg,allens
allens/00000002.jpg,allens
allens/00000199.jpg,allens
allens/00000017.jpg,allens
allens/00000094.jpg,allens
allens/00000037.jpg,allens
allens/00000146.jpg,allens
allens/00000184.jpg,allens
allens/00000064.jpg,allens
allens/00000135.jpg,allens
allens/00000023.jpg,allens
allens/00000171.jpg,allens
allens/00000193.jpg,allens
allens/00000054.jpg,allens
allens/00000034.jpg,allens
allens/00000111.jpg,allens
allens/00000012.jpg,allens
allens/00000163.jpg,allens
allens/00000158.jpg,allens
allens/00000164.jpg,allens
allens/00000099.jpg,allens
allens/00000165.jpg,allens
allens/00000076.jpg,allens
allens/00000166.jpg,allens
allens/00000063.jpg,allens
allens/00000138.jpg,allens
allens/00000006.jpg,allens
allens/00000024.jpg,allens
allens/00000090.jpg,allens
allens/00000123.jpg,allens
allens/00000118.jpg,allens
allens/00000058.gif,allens
allens/00000162.jpg,allens
allens/00000030.jpg,allens
rufous/00000015.jpg,rufous
rufous/00000008.jpg,rufous
rufous/00000097.gif,rufous
rufous/00000100.jpg,rufous
rufous/00000105.jpg,rufous
rufous/00000021.jpg,rufous
rufous/00000040.jpg,rufous
rufous/00000120.jpg,rufous
rufous/00000071.jpeg,rufous
rufous/00000087.jpg,rufous
rufous/00000056.jpg,rufous
rufous/00000137.jpg,rufous
rufous/00000043.jpg,rufous
rufous/00000152.jpg,rufous
rufous/00000194.jpg,rufous
rufous/00000155.jpg,rufous
rufous/00000031.jpg,rufous
rufous/00000187.jpg,rufous
rufous/00000055.jpg,rufous
rufous/00000151.jpg,rufous
rufous/00000007.jpg,rufous
rufous/00000182.png,rufous
rufous/00000060.JPG,rufous
rufous/00000170.jpg,rufous
rufous/00000115.jpg,rufous
rufous/00000041.jpg,rufous
rufous/00000083.jpg,rufous
rufous/00000124.jpg,rufous
rufous/00000025.jpg,rufous
rufous/00000072.jpg,rufous
rufous/00000188.jpg,rufous
rufous/00000020.jpg,rufous
rufous/00000177.jpg,rufous
rufous/00000109.jpg,rufous
rufous/00000173.jpg,rufous
rufous/00000059.jpg,rufous
rufous/00000139.jpg,rufous
rufous/00000068.jpg,rufous
rufous/00000096.jpg,rufous
rufous/00000061.jpg,rufous
rufous/00000117.jpg,rufous
rufous/00000103.jpg,rufous
rufous/00000042.jpg,rufous
rufous/00000192.jpg,rufous
rufous/00000148.jpg,rufous
rufous/00000126.jpg,rufous
rufous/00000122.jpg,rufous
rufous/00000088.jpg,rufous
rufous/00000003.jpg,rufous
rufous/00000157.jpg,rufous
rufous/00000176.jpg,rufous
rufous/00000005.jpg,rufous
rufous/00000029.jpg,rufous
rufous/00000181.jpg,rufous
rufous/00000032.jpg,rufous
rufous/00000175.jpg,rufous
rufous/00000106.jpg,rufous
rufous/00000044.jpg,rufous
rufous/00000142.png,rufous
rufous/00000174.jpg,rufous
rufous/00000011.jpg,rufous
rufous/00000168.jpg,rufous
rufous/00000067.jpg,rufous
rufous/00000196.jpg,rufous
rufous/00000147.jpg,rufous
rufous/00000035.jpg,rufous
rufous/00000161.jpg,rufous
rufous/00000119.jpg,rufous
rufous/00000009.jpg,rufous
rufous/00000198.jpg,rufous
rufous/00000143.jpg,rufous
rufous/00000191.jpg,rufous
rufous/00000101.jpg,rufous
rufous/00000179.jpg,rufous
rufous/00000121.jpg,rufous
rufous/00000107.jpg,rufous
rufous/00000033.jpg,rufous
rufous/00000128.jpg,rufous
rufous/00000080.jpg,rufous
rufous/00000132.jpg,rufous
rufous/00000016.jpg,rufous
rufous/00000052.jpg,rufous
rufous/00000046.jpg,rufous
rufous/00000145.jpg,rufous
rufous/00000114.jpg,rufous
rufous/00000079.jpg,rufous
rufous/00000141.jpg,rufous
rufous/00000093.jpg,rufous
rufous/00000108.png,rufous
rufous/00000082.jpg,rufous
rufous/00000089.jpg,rufous
rufous/00000167.jpg,rufous
rufous/00000022.jpg,rufous
rufous/00000134.jpg,rufous
rufous/00000092.jpg,rufous
rufous/00000028.jpg,rufous
rufous/00000078.jpg,rufous
rufous/00000091.jpg,rufous
rufous/00000069.jpg,rufous
rufous/00000144.jpg,rufous
rufous/00000086.jpg,rufous
rufous/00000189.jpg,rufous
rufous/00000053.png,rufous
rufous/00000104.jpg,rufous
rufous/00000172.jpg,rufous
rufous/00000102.jpg,rufous
rufous/00000084.jpg,rufous
rufous/00000026.jpg,rufous
rufous/00000183.jpg,rufous
rufous/00000038.jpg,rufous
rufous/00000039.jpg,rufous
rufous/00000133.jpg,rufous
rufous/00000149.png,rufous
rufous/00000186.jpg,rufous
rufous/00000075.jpg,rufous
rufous/00000010.jpg,rufous
rufous/00000013.jpg,rufous
rufous/00000014.jpg,rufous
rufous/00000180.jpg,rufous
rufous/00000136.jpg,rufous
rufous/00000066.jpg,rufous
rufous/00000062.jpg,rufous
rufous/00000131.jpg,rufous
rufous/00000001.jpg,rufous
rufous/00000019.jpg,rufous
rufous/00000095.jpg,rufous
rufous/00000085.jpg,rufous
rufous/00000127.jpg,rufous
rufous/00000081.jpg,rufous
rufous/00000002.jpg,rufous
rufous/00000199.jpg,rufous
rufous/00000017.jpg,rufous
rufous/00000094.jpg,rufous
rufous/00000037.jpg,rufous
rufous/00000146.jpg,rufous
rufous/00000098.jpg,rufous
rufous/00000050.jpg,rufous
rufous/00000064.jpg,rufous
rufous/00000116.jpg,rufous
rufous/00000135.jpg,rufous
rufous/00000023.jpg,rufous
rufous/00000171.jpg,rufous
rufous/00000193.jpg,rufous
rufous/00000049.jpg,rufous
rufous/00000054.jpg,rufous
rufous/00000111.jpg,rufous
rufous/00000012.jpg,rufous
rufous/00000163.jpg,rufous
rufous/00000048.jpg,rufous
rufous/00000051.jpg,rufous
rufous/00000158.jpg,rufous
rufous/00000164.jpg,rufous
rufous/00000165.jpg,rufous
rufous/00000166.jpg,rufous
rufous/00000063.jpg,rufous
rufous/00000138.jpg,rufous
rufous/00000006.jpg,rufous
rufous/00000024.jpg,rufous
rufous/00000090.jpg,rufous
rufous/00000030.jpg,rufous
rufous/00000000.jpg,rufous
